Name_of_TF,N_of_Windings,Parameter,Value,Unit,AssociateSG
TR_NVENTA_N1,2,S,320,MVA,Nueva_Ventanas
,,f,50,Hz,
,,WV1,231,kV_RMSLL,
,,WV2,18,kV_RMSLL,
,,Tap_ratio,1,,
,,Winding_R,0.0025,pu,
,,Winding_X,0.1333066,pu,
,,Winding_impedance_on_winding_1,0.5,,
TR_CAMPI_N1,2,S,300,MVA,Campiche
,,f,50,Hz,
,,WV1,231,kV_RMSLL,
,,WV2,18,kV_RMSLL,
,,Tap_ratio,1,,
,,Winding_R,0.00223067,pu,
,,Winding_X,0.1251301,pu,
,,Winding_impedance_on_winding_1,0.5,,
TR_VENTA_N3,2,S,66,MVA,Ventanas_U1
,,f,50,Hz,
,,WV1,110,kV_RMSLL,
,,WV2,13.2,kV_RMSLL,
,,Tap_ratio,1,,
,,Winding_R,0.00433939,pu,
,,Winding_X,0.09780379,pu,
,,Winding_impedance_on_winding_1,0.5,,
TR_VENTA_N4,2,S,66,MVA,Ventanas_U1
,,f,50,Hz,
,,WV1,110,kV_RMSLL,
,,WV2,13.2,kV_RMSLL,
,,Tap_ratio,1,,
,,Winding_R,0.00447273,pu,
,,Winding_X,0.09889891,pu,
,,Winding_impedance_on_winding_1,0.5,,
TR_VENTA_N1,2,S,200,MVA,Ventanas_U2
,,f,50,Hz,
,,WV1,107,kV_RMSLL,
,,WV2,17.3,kV_RMSLL,
,,Tap_ratio,1,,
,,Winding_R,0.00322,pu,
,,Winding_X,0.1061512,pu,
,,Winding_impedance_on_winding_1,0.5,,
TR_VENTA_N2,2,S,200,MVA,Ventanas_U2
,,f,50,Hz,
,,WV1,107,kV_RMSLL,
,,WV2,17.3,kV_RMSLL,
,,Tap_ratio,1,,
,,Winding_R,0.00322,pu,
,,Winding_X,0.1061512,pu,
,,Winding_impedance_on_winding_1,0.5,,
TR_CARDO_N1,2,S,184,MVA,Cardones_U1
,,f,50,Hz,
,,WV1,220,kV_RMSLL,
,,WV2,15.75,kV_RMSLL,
,,Tap_ratio,1,,
,,Winding_R,0.00273913,pu,
,,Winding_X,0.12497,pu,
,,Winding_impedance_on_winding_1,0.5,,
TR_TALT_N1,2,S,124,MVA,Taltal_U1
,,f,50,Hz,
,,WV1,230,kV_RMSLL,
,,WV2,15,kV_RMSLL,
,,Tap_ratio,1,,
,,Winding_R,0.0032896,pu,
,,Winding_X,0.1378608,pu,
,,Winding_impedance_on_winding_1,0.5,,
TR_TALT_N2,2,S,124,MVA,Taltal_U2
,,f,50,Hz,
,,WV1,230,kV_RMSLL,
,,WV2,15,kV_RMSLL,
,,Tap_ratio,1,,
,,Winding_R,0.00193186,pu,
,,Winding_X,0.1070326,pu,
,,Winding_impedance_on_winding_1,0.5,,
TR_RAPEL_N1,2,S,100,MVA,Rapel_U1
,,f,50,Hz,
,,WV1,220,kV_RMSLL,
,,WV2,13.8,kV_RMSLL,
,,Tap_ratio,1,,
,,Winding_R,0.00248988,pu,
,,Winding_X,0.2489875,pu,
,,Winding_impedance_on_winding_1,0.5,,
TR_Rapel_N2,2,S,100,MVA,Rapel_U2
,,f,50,Hz,
,,WV1,220,kV_RMSLL,
,,WV2,13.8,kV_RMSLL,
,,Tap_ratio,1,,
,,Winding_R,0.00253987,pu,
,,Winding_X,0.2539873,pu,
,,Winding_impedance_on_winding_1,0.5,,
TR_RAPEL_N3,2,S,100,MVA,Rapel_U3
,,f,50,Hz,
,,WV1,220,kV_RMSLL,
,,WV2,13.8,kV_RMSLL,
,,Tap_ratio,1,,
,,Winding_R,0.00248988,pu,
,,Winding_X,0.2489875,pu,
,,Winding_impedance_on_winding_1,0.5,,
TR_RAPEL_N4,2,S,180,MVA,Rapel_U4
,,f,50,Hz,
,,WV1,220,kV_RMSLL,
,,WV2,13.8,kV_RMSLL,
,,Tap_ratio,1,,
,,Winding_R,0.00253987,pu,
,,Winding_X,0.2539873,pu,
,,Winding_impedance_on_winding_1,0.5,,
TR_RAPEL_N5,2,S,85,MVA,Rapel_U5
,,f,50,Hz,
,,WV1,230,kV_RMSLL,
,,WV2,13.8,kV_RMSLL,
,,Tap_ratio,1,,
,,Winding_R,0.00005882,pu,
,,Winding_X,0.1309,pu,
,,Winding_impedance_on_winding_1,0.5,,
TR_SISIDRO_N2,2,S,283.6,MVA,San_Isidro_U1_TG
,,f,50,Hz,
,,WV1,230,kV_RMSLL,
,,WV2,13.8,kV_RMSLL,
,,Tap_ratio,1,,
,,Winding_R,0.00221626,pu,
,,Winding_X,0.1243803,pu,
,,Winding_impedance_on_winding_1,0.5,,
TR_SISIDRO_N1,2,S,162.412,MVA,San_Isidro_U1_TV
,,f,50,Hz,
,,WV1,230,kV_RMSLL,
,,WV2,15,kV_RMSLL,
,,Tap_ratio,1,,
,,Winding_R,0.00258306,pu,
,,Winding_X,0.1248733,pu,
,,Winding_impedance_on_winding_1,0.5,,
TR_SISIDRO_N3,2,S,163,MVA,San_Isidro_U2_TV
,,f,50,Hz,
,,WV1,230,kV_RMSLL,
,,WV2,13.2,kV_RMSLL,
,,Tap_ratio,1,,
,,Winding_R,0.00305055,pu,
,,Winding_X,0.1322648,pu,
,,Winding_impedance_on_winding_1,0.5,,
TR_SISIDRO_N4,2,S,305,MVA,San_Isidro_U2_TG
,,f,50,Hz,
,,WV1,230,kV_RMSLL,
,,WV2,15,kV_RMSLL,
,,Tap_ratio,1,,
,,Winding_R,0.00298689,pu,
,,Winding_X,0.135167,pu,
,,Winding_impedance_on_winding_1,0.5,,
TR_GUACOLDA_N1,2,S,176.5,MVA,GUACOLDA_U1
,,f,50,Hz,
,,WV1,229.9,kV_RMSLL,
,,WV2,13.8,kV_RMSLL,
,,Tap_ratio,1,,
,,Winding_R,0.00339943,pu,
,,Winding_X,0.1574633,pu,
,,Winding_impedance_on_winding_1,1,,
TR_GUADOLDA_N2,2,S,176.5,MVA,GUADOLDA_U2
,,f,50,Hz,
,,WV1,235.95,kV_RMSLL,
,,WV2,13.8,kV_RMSLL,
,,Tap_ratio,1,,
,,Winding_R,0.00339943,pu,
,,Winding_X,0.1574633,pu,
,,Winding_impedance_on_winding_1,1,,
TR_GUACOLDA_N3,2,S,180,MVA,GUACOLDA_U3
,,f,50,Hz,
,,WV1,238.98,kV_RMSLL,
,,WV2,13.3,kV_RMSLL,
,,Tap_ratio,1,,
,,Winding_R,0.00356417,pu,
,,Winding_X,0.1576597,pu,
,,Winding_impedance_on_winding_1,0.5,,
TR_GUACOLDA_N4,2,S,180,MVA,GUACOLDA_U4
,,f,50,Hz,
,,WV1,235.95,kV_RMSLL,
,,WV2,14.5,kV_RMSLL,
,,Tap_ratio,1,,
,,Winding_R,0.00333333,pu,
,,Winding_X,0.1574647,pu,
,,Winding_impedance_on_winding_1,0.5,,
TR_GUACOLDA_N5,2,S,182,MVA,GUACOLDA_U5
,,f,50,Hz,
,,WV1,242,kV_RMSLL,
,,WV2,14.5,kV_RMSLL,
,,Tap_ratio,1,,
,,Winding_R,0.0032967,pu,
,,Winding_X,0.159966,pu,
,,Winding_impedance_on_winding_1,0.5,,
TR_NEHU_N3,2,S,175,MVA,Nehuenco_U1_TV
,,f,50,Hz,
,,WV1,230,kV_RMSLL,
,,WV2,10.5,kV_RMSLL,
,,Tap_ratio,1,,
,,Winding_R,0.00372571,pu,
,,Winding_X,0.1299466,pu,
,,Winding_impedance_on_winding_1,0.5,,
TR_NEHU_N1,2,S,275,MVA,Nehuenco_U1_TG
,,f,50,Hz,
,,WV1,230,kV_RMSLL,
,,WV2,15.75,kV_RMSLL,
,,Tap_ratio,1,,
,,Winding_R,0.00326182,pu,
,,Winding_X,0.1299591,pu,
,,Winding_impedance_on_winding_1,0.5,,
TR_NEHU_N2,2,S,331,MVA,Nehuenco_U2_TG
,,f,50,Hz,
,,WV1,230,kV_RMSLL,
,,WV2,15.75,kV_RMSLL,
,,Tap_ratio,1,,
,,Winding_R,0.00176435,pu,
,,Winding_X,0.129988,pu,
,,Winding_impedance_on_winding_1,0.5,,
TR_NEHU_N4,2,S,180.7,MVA,Nehuenco_U2_TV
,,f,50,Hz,
,,WV1,230,kV_RMSLL,
,,WV2,15.75,kV_RMSLL,
,,Tap_ratio,1,,
,,Winding_R,0.00217488,pu,
,,Winding_X,0.1299818,pu,
,,Winding_impedance_on_winding_1,0.5,,
TR_NEHU_N5,2,S,125,MVA,Nehuenco_U3
,,f,50,Hz,
,,WV1,235,kV_RMSLL,
,,WV2,10.5,kV_RMSLL,
,,Tap_ratio,1,,
,,Winding_R,0.000792,pu,
,,Winding_X,0.1245975,pu,
,,Winding_impedance_on_winding_1,0.5,,
TR_HORNIT_U1,2,S,65,MVA,Hornitos_U1
,,f,50,Hz,
,,WV1,220,kV_RMSLL,
,,WV2,11,kV_RMSLL,
,,Tap_ratio,1,,
,,Winding_R,0.00199077,pu,
,,Winding_X,0.1289846,pu,
,,Winding_impedance_on_winding_1,0.5,,
tr_los_quilos,2,S,40,MVA,LosQuilos
,,f,50,Hz,
,,WV1,110,kV_RMSLL,
,,WV2,6.6,kV_RMSLL,
,,Tap_ratio,1.0,,
,,Winding_R,0.001,pu,
,,Winding_X,0.06,pu,
,,Winding_impedance_on_winding_1,0.5,,
TR_BLANCO,2,S,56,MVA,Blanco
,,f,50,Hz,
,,WV1,115,kV_RMSLL,
,,WV2,12,kV_RMSLL,
,,Tap_ratio,1,,
,,Winding_R,0.00328804,pu,
,,Winding_X,0.1099508,pu,
,,Winding_impedance_on_winding_1,0.5,,
TR_JUNCAL,2,S,33,MVA,Juncal
,,f,50,Hz,
,,WV1,115,kV_RMSLL,
,,WV2,12,kV_RMSLL,
,,Tap_ratio,1,,
,,Winding_R,0.00374848,pu,
,,Winding_X,0.1121374,pu,
,,Winding_impedance_on_winding_1,0.5,,
TR_GUACOLDA_N1,2,S,176.5,MVA,Guacolda_U1
,,f,50,Hz,
,,WV1,242,kV_RMSLL,
,,WV2,13.8,kV_RMSLL,
,,Tap_ratio,1.025,,
,,Winding_R,0.00339943,pu,
,,Winding_X,0.15746331,pu,
,,Winding_impedance_on_winding_1,0.5,,
TR_Guacolda_N2,2,S,176.5,MVA,Guacolda_U2
,,f,50,Hz,
,,WV1,242,kV_RMSLL,
,,WV2,13.8,kV_RMSLL,
,,Tap_ratio,1.025,,
,,Winding_R,0.00339943,pu,
,,Winding_X,0.15746331,pu,
,,Winding_impedance_on_winding_1,0.5,,
TR_GUACOLDA_N3,2,S,180,MVA,Guacolda_U3
,,f,50,Hz,
,,WV1,242,kV_RMSLL,
,,WV2,13.3,kV_RMSLL,
,,Tap_ratio,1.05,,
,,Winding_R,0.00356417,pu,
,,Winding_X,0.15766,pu,
,,Winding_impedance_on_winding_1,0.5,,
TR_GUACOLDA_N4,2,S,180,MVA,Guacolda_U4
,,f,50,Hz,
,,WV1,242,kV_RMSLL,
,,WV2,14.5,kV_RMSLL,
,,Tap_ratio,1.05,,
,,Winding_R,0.00333333,pu,
,,Winding_X,0.157465,pu,
,,Winding_impedance_on_winding_1,0.5,,
TR_GUACOLDA_N5,2,S,182,MVA,Guacolda_U5
,,f,50,Hz,
,,WV1,242,kV_RMSLL,
,,WV2,14.5,kV_RMSLL,
,,Tap_ratio,1.05,,
,,Winding_R,0.0032967,pu,
,,Winding_X,0.159966,pu,
,,Winding_impedance_on_winding_1,0.5,,
TR_ALFAL_N1,2,S,95,MVA,Alfalfal_U1
,,f,50,Hz,
,,WV1,230,kV_RMSLL,
,,WV2,12,kV_RMSLL,
,,Tap_ratio,1,,
,,Winding_R,0.00282105,pu,
,,Winding_X,0.09195674,pu,
,,Winding_impedance_on_winding_1,0.5,,
TR_ALFAL_N2,2,S,100,MVA,Alfalfal_U2
,,f,50,Hz,
,,WV1,230,kV_RMSLL,
,,WV2,12,kV_RMSLL,
,,Tap_ratio,1,,
,,Winding_R,0.00282105,pu,
,,Winding_X,0.09195674,pu,
,,Winding_impedance_on_winding_1,0.5,,
TR_ALFAL_II_N1,2,S,170,MVA,Alfalfal_II_U1
,,f,50,Hz,
,,WV1,220,kV_RMSLL,
,,WV2,15,kV_RMSLL,
,,Tap_ratio,0.975,,
,,Winding_R,0.00155556,pu,
,,Winding_X,0.1298,pu,
,,Winding_impedance_on_winding_1,0.5,,
TR_ALFAL_II_N2,2,S,170,MVA,Alfalfal_II_U2
,,f,50,Hz,
,,WV1,220,kV_RMSLL,
,,WV2,15,kV_RMSLL,
,,Tap_ratio,.975,,
,,Winding_R,0.00155556,pu,
,,Winding_X,0.1298,pu,
,,Winding_impedance_on_winding_1,0.5,,
TR_TOCOPI_N14,2,S,147,MVA,Tocopilla_U14
,,f,50,Hz,
,,WV1,230,kV_RMSLL,
,,WV2,13.8,kV_RMSLL,
,,Tap_ratio,1,,
,,Winding_R,0.00299429,pu,
,,Winding_X,0.1591718,pu,
,,Winding_impedance_on_winding_1,0.5,,
TR_TOCOPI_N15,2,S,147,MVA,Tocopilla_U15
,,f,50,Hz,
,,WV1,230,kV_RMSLL,
,,WV2,13.8,kV_RMSLL,
,,Tap_ratio,1,,
,,Winding_R,0.00357143,pu,
,,Winding_X,0.15926,pu,
,,Winding_impedance_on_winding_1,0.5,,
TR_TOCOPI_N16,2,S,510,MVA,Tocopilla_U16
,,f,50,Hz,
,,WV1,230,kV_RMSLL,
,,WV2,21,kV_RMSLL,
,,Tap_ratio,1,,
,,Winding_R,0.00194333,pu,
,,Winding_X,0.1756092,pu,
,,Winding_impedance_on_winding_1,0.5,,
TR_TOCOPI_N12,2,S,92,MVA,Tocopilla_U12
,,f,50,Hz,
,,WV1,112.125,kV_RMSLL,
,,WV2,13.8,kV_RMSLL,
,,Tap_ratio,1,,
,,Winding_R,0.0001,pu,
,,Winding_X,0.1161,pu,
,,Winding_impedance_on_winding_1,0.5,,
TR_TOCOPI_N13,2,S,92,MVA,Tocopilla_U13
,,f,50,Hz,
,,WV1,112.125,kV_RMSLL,
,,WV2,13.8,kV_RMSLL,
,,Tap_ratio,1,,
,,Winding_R,0.00373261,pu,
,,Winding_X,0.1176408,pu,
,,Winding_impedance_on_winding_1,0.5,,
TR_CCH_N1,2,S,320,MVA,CCH_U1
,,f,50,Hz,
,,WV1,231,kV_RMSLL,
,,WV2,18,kV_RMSLL,
,,Tap_ratio,1,,
,,Winding_R,0.0023196,pu,
,,Winding_X,0.1240783,pu,
,,Winding_impedance_on_winding_1,0.5,,
TR_CCH_N2,2,S,320,MVA,CCH_U2
,,f,50,Hz,
,,WV1,231,kV_RMSLL,
,,WV2,18,kV_RMSLL,
,,Tap_ratio,1.05,,
,,Winding_R,0.00233653,pu,
,,Winding_X,0.1245781,pu,
,,Winding_impedance_on_winding_1,0.5,,
TR_KELAR_N1,2,S,220,MVA,Kelar_TG1
,,f,50,Hz,
,,WV1,227,kV_RMSLL,
,,WV2,15,kV_RMSLL,
,,Tap_ratio,1,,
,,Winding_R,0.00296818,pu,
,,Winding_X,0.146868,pu,
,,Winding_impedance_on_winding_1,0.5,,
TR_KELAR_N2,2,S,220,MVA,Kelar_TG2
,,f,50,Hz,
,,WV1,227,kV_RMSLL,
,,WV2,15,kV_RMSLL,
,,Tap_ratio,1,,
,,Winding_R,0.00296818,pu,
,,Winding_X,0.146868,pu,
,,Winding_impedance_on_winding_1,0.5,,
TR_KELAR_N3,2,S,220,MVA,Kelar_TV
,,f,50,Hz,
,,WV1,227,kV_RMSLL,
,,WV2,15,kV_RMSLL,
,,Tap_ratio,1,,
,,Winding_R,0.00296818,pu,
,,Winding_X,0.146868,pu,
,,Winding_impedance_on_winding_1,0.5,,
TR_TG1A,2,S,165,MVA,TG1A
,,f,50,Hz,
,,WV1,230,kV_RMSLL,
,,WV2,15,kV_RMSLL,
,,Tap_ratio,1,,
,,Winding_R,0.00283279,pu,
,,Winding_X,0.1363706,pu,
,,Winding_impedance_on_winding_1,0.5,,
TR_TG1B,2,S,165,MVA,TG1B
,,f,50,Hz,
,,WV1,230,kV_RMSLL,
,,WV2,15,kV_RMSLL,
,,Tap_ratio,1,,
,,Winding_R,0.00283279,pu,
,,Winding_X,0.1363706,pu,
,,Winding_impedance_on_winding_1,0.5,,
TR_TV1C,2,S,165,MVA,TV1C
,,f,50,Hz,
,,WV1,230,kV_RMSLL,
,,WV2,15,kV_RMSLL,
,,Tap_ratio,1,,
,,Winding_R,0.00283279,pu,
,,Winding_X,0.1363706,pu,
,,Winding_impedance_on_winding_1,0.5,,
TR_TG2A,2,S,165,MVA,TG2A
,,f,50,Hz,
,,WV1,230,kV_RMSLL,
,,WV2,15,kV_RMSLL,
,,Tap_ratio,1,,
,,Winding_R,0.00283279,pu,
,,Winding_X,0.1363706,pu,
,,Winding_impedance_on_winding_1,0.5,,
TR_TG2B,2,S,165,MVA,TG2B
,,f,50,Hz,
,,WV1,230,kV_RMSLL,
,,WV2,15,kV_RMSLL,
,,Tap_ratio,1,,
,,Winding_R,0.00283279,pu,
,,Winding_X,0.1363706,pu,
,,Winding_impedance_on_winding_1,0.5,,
TR_TV2C,2,S,165,MVA,TV2C
,,f,50,Hz,
,,WV1,230,kV_RMSLL,
,,WV2,15,kV_RMSLL,
,,Tap_ratio,1,,
,,Winding_R,0.00283279,pu,
,,Winding_X,0.1363706,pu,
,,Winding_impedance_on_winding_1,0.5,,
TR_IEM,2,S,442,MVA,IEM
,,f,50,Hz,
,,WV1,220,kV_RMSLL,
,,WV2,20,kV_RMSLL,
,,Tap_ratio,1,,
,,Winding_R,0.0016698,pu,
,,Winding_X,0.1427,pu,
,,Winding_impedance_on_winding_1,0.5,,
TR_CTM3_TG,2,S,185,MVA,CTM3_TG
,,f,50,Hz,
,,WV1,220,kV_RMSLL,
,,WV2,15,kV_RMSLL,
,,Tap_ratio,1,,
,,Winding_R,0.00269497,pu,
,,Winding_X,0.1283617,pu,
,,Winding_impedance_on_winding_1,0.5,,
TR_CTM3_TV,2,S,111,MVA,CTM3_TV
,,f,50,Hz,
,,WV1,220,kV_RMSLL,
,,WV2,11.5,kV_RMSLL,
,,Tap_ratio,1,,
,,Winding_R,0.00392252,pu,
,,Winding_X,0.08560217,pu,
,,Winding_impedance_on_winding_1,0.5,,
TR_CTH,2,S,210,MVA,CTH
,,f,50,Hz,
,,WV1,223,kV_RMSLL,
,,WV2,15.75,kV_RMSLL,
,,Tap_ratio,1,,
,,Winding_R,0.00288052,pu,
,,Winding_X,0.1223,pu,
,,Winding_impedance_on_winding_1,0.5,,
TR_CTM2,2,S,197,MVA,CTM2
,,f,50,Hz,
,,WV1,231,kV_RMSLL,
,,WV2,15,kV_RMSLL,
,,Tap_ratio,1,,
,,Winding_R,0.0001,pu,
,,Winding_X,0.173864,pu,
,,Winding_impedance_on_winding_1,0.5,,
TR_CTM1,2,S,176,MVA,CTM1
,,f,50,Hz,
,,WV1,231,kV_RMSLL,
,,WV2,13.8,kV_RMSLL,
,,Tap_ratio,1,,
,,Winding_R,0.00247727,pu,
,,Winding_X,0.1763876,pu,
,,Winding_impedance_on_winding_1,0.5,,
TR_CTA,2,S,210,MVA,CTA
,,f,50,Hz,
,,WV1,223,kV_RMSLL,
,,WV2,15.75,kV_RMSLL,
,,Tap_ratio,1,,
,,Winding_R,0.00288052,pu,
,,Winding_X,0.1223,pu,
,,Winding_impedance_on_winding_1,0.5,,
TR_ANG_N1,2,S,320,MVA,Angamos_U1
,,f,50,Hz,
,,WV1,231,kV_RMSLL,
,,WV2,18,kV_RMSLL,
,,Tap_ratio,1.025,,
,,Winding_R,0.002175,pu,
,,Winding_X,0.12518,pu,
,,Winding_impedance_on_winding_1,0.5,,
TR_ANG_N2,2,S,320,MVA,Angamos_U2
,,f,50,Hz,
,,WV1,231,kV_RMSLL,
,,WV2,18,kV_RMSLL,
,,Tap_ratio,1.025,,
,,Winding_R,0.001,pu,
,,Winding_X,0.12568,pu,
,,Winding_impedance_on_winding_1,0.5,,
TR_CDOM_N1,2,S,128,MVA,CDOM_U1
,,f,50,Hz,
,,WV1,220,kV_RMSLL,
,,WV2,13.2,kV_RMSLL,
,,Tap_ratio,1,,
,,Winding_R,0.00316645,pu,
,,Winding_X,0.135,pu,
,,Winding_impedance_on_winding_1,0.5,,
TR_CCH_U1,2,S,320,MVA,Cochrane_U1
,,f,50,Hz,
,,WV1,231,kV_RMSLL,
,,WV2,18,kV_RMSLL,
,,Tap_ratio,1.0125,,
,,Winding_R,0.0012,pu,
,,Winding_X,0.1241,pu,
,,Winding_impedance_on_winding_1,0.5,,
TR_CPABE_N1,2,S,30,MVA,C_Pabellon_U1
,,f,50,Hz,
,,WV1,220,kV_RMSLL,
,,WV2,9.5,kV_RMSLL,
,,Tap_ratio,1,,
,,Winding_R,0.00252067,pu,
,,Winding_X,0.1304557,pu,
,,Winding_impedance_on_winding_1,0.5,,
TR_CPABE_N2,2,S,30,MVA,C_Pabellon_U2
,,f,50,Hz,
,,WV1,220,kV_RMSLL,
,,WV2,9.5,kV_RMSLL,
,,Tap_ratio,1,,
,,Winding_R,0.00252067,pu,
,,Winding_X,0.1304557,pu,
,,Winding_impedance_on_winding_1,0.5,,
YD_1,2,S,63,MVA,C_Pabellon_U3
,,f,50,Hz,
,,WV1,220,kV_RMSLL,
,,WV2,9.5,kV_RMSLL,
,,Tap_ratio,1,,
,,Winding_R,0.00136,pu,
,,Winding_X,0.1365,pu,
,,Winding_impedance_on_winding_1,0.5,,
YgDD_np1,3,f,50,Hz,C_Pabellon_U3,,VW1,220,kV_RMSLL,
,,VW2,33,kV_RMSLL,
,,VW3,9.5,kV_RMSLL,
,,SW1,63,MVA,
,,SW2,28,MVA,
,,SW3,35,MVA,
,,R12,0.0013,pu,
,,R13,0.0001,pu,
,,R23,0.0003,pu,
,,X12,0.1365,pu,
,,X13,0.127,pu,
,,X23,0.032,pu,
,,Tap_ratio,1,,
TR_NTO_N1,2,S,156.5,MVA,NTO_U1
,,f,50,Hz,
,,WV1,242,kV_RMSLL,
,,WV2,13.8,kV_RMSLL,
,,Tap_ratio,1,,
,,Winding_R,0.00316645,pu,
,,Winding_X,0.1695704,pu,
,,Winding_impedance_on_winding_1,0.5,,
TR_NTO_N2,2,S,156.5,MVA,NTO_U2
,,f,50,Hz,
,,WV1,242,kV_RMSLL,
,,WV2,13.8,kV_RMSLL,
,,Tap_ratio,1,,
,,Winding_R,0.00316645,pu,
,,Winding_X,0.1695704,pu,
,,Winding_impedance_on_winding_1,0.5,,
TR_CCH_U1,2,S,320,MVA,Cochrane_U2
,,f,50,Hz,
,,WV1,231,kV_RMSLL,
,,WV2,18,kV_RMSLL,
,,Tap_ratio,1.0125,,
,,Winding_R,0.0012,pu,
,,Winding_X,0.1241,pu,
,,Winding_impedance_on_winding_1,0.5,,
TR_TARA_N1,2,S,184,MVA,CTTAR
,,f,50,Hz,
,,WV1,225,kV_RMSLL,
,,WV2,13.8,kV_RMSLL,
,,Tap_ratio,1,,
,,Winding_R,0.00338587,pu,
,,Winding_X,0.1189999,pu,
,,Winding_impedance_on_winding_1,.5,,
TR_TARA_N3,2,S,19,MVA,CTTAR
,,f,50,Hz,
,,WV1,13.8,kV_RMSLL,
,,WV2,6.9,kV_RMSLL,
,,Tap_ratio,1,,
,,Winding_R,0.00657895,pu,
,,Winding_X,0.07972902,pu,
,,Winding_impedance_on_winding_1,.5,,
TR_TARA_N2,3,f,50,Hz,CTTAR
,,VW1,220,kV_RMSLL,
,,VW2,11.5,kV_RMSLL,
,,VW3,6.9,kV_RMSLL,
,,SW1,28,MVA,
,,SW2,28,MVA,
,,SW3,19,MVA,
,,R12,0.0075,pu,
,,R13,0.001,pu,
,,R23,4.8e-04,pu,
,,X12,0.1197654,pu,
,,X13,0.1221388,pu,
,,X23,0.03806786,pu,
,,Tap_ratio,1,,
TR_TARA_N1,2,S,184,MVA,TGTAR
,,f,50,Hz,
,,WV1,225,kV_RMSLL,
,,WV2,13.8,kV_RMSLL,
,,Tap_ratio,1,,
,,Winding_R,0.00338587,pu,
,,Winding_X,0.1189999,pu,
,,Winding_impedance_on_winding_1,.5,,
TR_TARA_N3,2,S,19,MVA,TGTAR
,,f,50,Hz,
,,WV1,13.8,kV_RMSLL,
,,WV2,6.9,kV_RMSLL,
,,Tap_ratio,1,,
,,Winding_R,0.00657895,pu,
,,Winding_X,0.07972902,pu,
,,Winding_impedance_on_winding_1,.5,,
TR_TARA_N2,3,f,50,Hz,TGTAR
,,VW1,220,kV_RMSLL,
,,VW2,11.5,kV_RMSLL,
,,VW3,6.9,kV_RMSLL,
,,SW1,28,MVA,
,,SW2,28,MVA,
,,SW3,19,MVA,
,,R12,0.0075,pu,
,,R13,0.001,pu,
,,R23,4.8e-04,pu,
,,X12,0.1197654,pu,
,,X13,0.1221388,pu,
,,X23,0.03806786,pu,
,,Tap_ratio,1,,
TR_SISIDRO_N1,2,S,162.412,MVA,San_Isidro_U1_TV
,,f,50,Hz,
,,WV1,230,kV_RMSLL,
,,WV2,15,kV_RMSLL,
,,Tap_ratio,1,,
,,Winding_R,0.00258306,pu,
,,Winding_X,0.1248733,pu,
,,Winding_impedance_on_winding_1,0.5,,
TR_QUINT_N1,2,S,171,MVA,Quintero_TG1A
,,f,50,Hz,
,,WV1,230,kV_RMSLL,
,,WV2,15,kV_RMSLL,
,,Tap_ratio,1,,
,,Winding_R,0.00289282,pu,
,,Winding_X,0.1446411,pu,
,,Winding_impedance_on_winding_1,0.5,,
TR_QUINT_N2,2,S,171,MVA,Quintero_TG1B
,,f,50,Hz,
,,WV1,230,kV_RMSLL,
,,WV2,15,kV_RMSLL,
,,Tap_ratio,1,,
,,Winding_R,0.00289282,pu,
,,Winding_X,0.1446411,pu,
,,Winding_impedance_on_winding_1,0.5,,
TR_LGUINDOS_N1,2,S,165,MVA,LosGuindos_U1
,,f,50,Hz,
,,WV1,230,kV_RMSLL,
,,WV2,15,kV_RMSLL,
,,Tap_ratio,1,,
,,Winding_R,0.00309023,pu,
,,Winding_X,0.1249618,pu,
,,Winding_impedance_on_winding_1,0.5,,
TR_LGUINDOS_N2,2,S,165,MVA,LosGuindos_U2
,,f,50,Hz,
,,WV1,230,kV_RMSLL,
,,WV2,15,kV_RMSLL,
,,Tap_ratio,1,,
,,Winding_R,0.00309023,pu,
,,Winding_X,0.1249618,pu,
,,Winding_impedance_on_winding_1,0.5,,
TR_SMARI_N1,2,S,490,MVA,StaMaria_U1
,,f,50,Hz,
,,WV1,230,kV_RMSLL,
,,WV2,18,kV_RMSLL,
,,Tap_ratio,1.025,,
,,Winding_R,0.00199982,pu,
,,Winding_X,0.1499867,pu,
,,Winding_impedance_on_winding_1,0.5,,
TR_TORO_N1,2,S,121,MVA,El_Toro_U1
,,f,50,Hz,
,,WV1,227.125,kV_RMSLL,
,,WV2,13.8,kV_RMSLL,
,,Tap_ratio,1,,
,,Winding_R,0.00346694,pu,
,,Winding_X,0.1175489,pu,
,,Winding_impedance_on_winding_1,0.5,,
TR_TORO_N3,2,S,121,MVA,El_Toro_U3
,,f,50,Hz,
,,WV1,227.125,kV_RMSLL,
,,WV2,13.8,kV_RMSLL,
,,Tap_ratio,1,,
,,Winding_R,0.00346694,pu,
,,Winding_X,0.1175489,pu,
,,Winding_impedance_on_winding_1,0.5,,
TR_TORO_N2,2,S,121,MVA,El_Toro_U2
,,f,50,Hz,
,,WV1,227.125,kV_RMSLL,
,,WV2,13.8,kV_RMSLL,
,,Tap_ratio,1,,
,,Winding_R,0.00346694,pu,
,,Winding_X,0.1175489,pu,
,,Winding_impedance_on_winding_1,0.5,,
TR_TORO_N4,2,S,121,MVA,El_Toro_U4
,,f,50,Hz,
,,WV1,227.125,kV_RMSLL,
,,WV2,13.8,kV_RMSLL,
,,Tap_ratio,1,,
,,Winding_R,0.00346694,pu,
,,Winding_X,0.1175489,pu,
,,Winding_impedance_on_winding_1,0.5,,
TR_SLIDIA_N1,2,S,150,MVA,StaLidia_U1
,,f,50,Hz,
,,WV1,230,kV_RMSLL,
,,WV2,15,kV_RMSLL,
,,Tap_ratio,1,,
,,Winding_R,0.00056667,pu,
,,Winding_X,0.1199987,pu,
,,Winding_impedance_on_winding_1,0.5,,
TR_ANTILH_N1,2,S,66,MVA,Antilhue_U1
,,f,50,Hz,
,,WV1,220,kV_RMSLL,
,,WV2,11.5,kV_RMSLL,
,,Tap_ratio,1,,
,,Winding_R,0.00196061,pu,
,,Winding_X,0.1289851,pu,
,,Winding_impedance_on_winding_1,0.5,,
TR_ANTILH_N2,2,S,66,MVA,Antilhue_U2
,,f,50,Hz,
,,WV1,220,kV_RMSLL,
,,WV2,11.5,kV_RMSLL,
,,Tap_ratio,1,,
,,Winding_R,0.00196061,pu,
,,Winding_X,0.1289851,pu,
,,Winding_impedance_on_winding_1,0.5,,
TR_BOCA_II_N1,2,S,480,MVA,Bocamina_II
,,f,50,Hz,
,,WV1,230,kV_RMSLL,
,,WV2,18,kV_RMSLL,
,,Tap_ratio,1,,
,,Winding_R,0.00209583,pu,
,,Winding_X,0.1499854,pu,
,,Winding_impedance_on_winding_1,0.5,,
TR_LAJA,2,S,40,MVA,c_laja
,,f,50,Hz,
,,WV1,220,kV_RMSLL,
,,WV2,11,kV_RMSLL,
,,Tap_ratio,1,,
,,Winding_R,0.00363445,pu,
,,Winding_X,0.129,pu,
,,Winding_impedance_on_winding_1,0.5,,
TR_C_Maipo_PA,2,S,10,MVA,C_Maipo_PA
,,f,50,Hz,
,,WV1,220,kV_RMSLL,
,,WV2,11,kV_RMSLL,
,,Tap_ratio,1,,
,,Winding_R,0.00199077,pu,
,,Winding_X,0.1289846,pu,
,,Winding_impedance_on_winding_1,0.5,,
TR_CANU_N1,2,S,78,MVA,Canutillar_U1
,,f,50,Hz,
,,WV1,230,kV_RMSLL,
,,WV2,13.8,kV_RMSLL,
,,Tap_ratio,1.025,,
,,Winding_R,0.00326333,pu,
,,Winding_X,0.1460636,pu,
,,Winding_impedance_on_winding_1,0.5,,
TR_CANU_N2,2,S,78,MVA,Canutillar_U2
,,f,50,Hz,
,,WV1,230,kV_RMSLL,
,,WV2,13.8,kV_RMSLL,
,,Tap_ratio,1.025,,
,,Winding_R,0.00326333,pu,
,,Winding_X,0.1460636,pu,
,,Winding_impedance_on_winding_1,0.5,,
TR_Central_Rucatayo,2,S,65,MVA,Central_Rucatayo
,,f,50,Hz,
,,WV1,230,kV_RMSLL,
,,WV2,13.8,kV_RMSLL,
,,Tap_ratio,1,,
,,Winding_R,0.01081108,pu,
,,Winding_X,0.1081108,pu,
,,Winding_impedance_on_winding_1,0.5,,
TR_C_ANTILLANCA,2,S,65,MVA,C_ANTILLANCA
,,f,50,Hz,
,,WV1,220,kV_RMSLL,
,,WV2,13.8,kV_RMSLL,
,,Tap_ratio,0.95,,
,,Winding_R,0.01081108,pu,
,,Winding_X,0.1081108,pu,
,,Winding_impedance_on_winding_1,0.5,,
TR_VALD_N1,2,S,90,MVA,Valdivia_U1
,,f,50,Hz,
,,WV1,220,kV_RMSLL,
,,WV2,15,kV_RMSLL,
,,Tap_ratio,1,,
,,Winding_R,0.00237467,pu,
,,Winding_X,0.1840847,pu,
,,Winding_impedance_on_winding_1,0.5,,
YgDD_np1,3,f,50,Hz,C_CARILAF,,VW1,110,kV_RMSLL,
,,VW2,23,kV_RMSLL,
,,VW3,13.8,kV_RMSLL,
,,SW1,60,MVA,
,,SW2,60,MVA,
,,SW3,20,MVA,
,,R12,0.001,pu,
,,R13,0.0005,pu,
,,R23,0.0001,pu,
,,X12,0.1,pu,
,,X13,0.0548,pu,
,,X23,0.0137,pu,
,,Tap_ratio,1,,
YD_2,2,S,25,MVA,C_CARILAF
,,f,50,Hz,
,,WV1,23,kV_RMSLL,
,,WV2,13.8,kV_RMSLL,
,,Tap_ratio,1,,
,,Winding_R,.0001,pu,
,,Winding_X,0.1,pu,
,,Winding_impedance_on_winding_1,.9,,
TR_PANG_N1,2,S,290,MVA,Pangue_U1
,,f,50,Hz,
,,WV1,230,kV_RMSLL,
,,WV2,13.8,kV_RMSLL,
,,Tap_ratio,0.95,,
,,Winding_R,0.00264759,pu,
,,Winding_X,0.1607182,pu,
,,Winding_impedance_on_winding_1,0.5,,
TR_PANG_N2,2,S,290,MVA,Pangue_U2
,,f,50,Hz,
,,WV1,230,kV_RMSLL,
,,WV2,13.8,kV_RMSLL,
,,Tap_ratio,0.975,,
,,Winding_R,0.00267276,pu,
,,Winding_X,0.1595876,pu,
,,Winding_impedance_on_winding_1,0.5,,
TR_ANTU_N1,2,S,175,MVA,Antuco_U1
,,f,50,Hz,
,,WV1,230,kV_RMSLL,
,,WV2,13.8,kV_RMSLL,
,,Tap_ratio,1.0575,,
,,Winding_R,0.00326846,pu,
,,Winding_X,0.1564659,pu,
,,Winding_impedance_on_winding_1,0.5,,
TR_ANTU_N2,2,S,175,MVA,HE_Antuco_U1
,,f,50,Hz,
,,WV1,230,kV_RMSLL,
,,WV2,13.8,kV_RMSLL,
,,Tap_ratio,0.9425,,
,,Winding_R,0.00326846,pu,
,,Winding_X,0.1564659,pu,
,,Winding_impedance_on_winding_1,0.5,,
TR_RALC_N1,2,S,420,MVA,Ralco_U1
,,f,50,Hz,
,,WV1,230,kV_RMSLL,
,,WV2,13.8,kV_RMSLL,
,,Tap_ratio,1,,
,,Winding_R,0.00221429,pu,
,,Winding_X,0.1465833,pu,
,,Winding_impedance_on_winding_1,0.5,,
TR_RALC_N2,2,S,420,MVA,Ralco_U2
,,f,50,Hz,
,,WV1,230,kV_RMSLL,
,,WV2,13.8,kV_RMSLL,
,,Tap_ratio,1.05,,
,,Winding_R,0.00221429,pu,
,,Winding_X,0.1482835,pu,
,,Winding_impedance_on_winding_1,0.5,,
TR_PALMUCHO,2,S,33,MVA,c_palmucho
,,f,50,Hz,
,,WV1,220,kV_RMSLL,
,,WV2,13.8,kV_RMSLL,
,,Tap_ratio,1,,
,,Winding_R,0.00363445,pu,
,,Winding_X,0.1001341,pu,
,,Winding_impedance_on_winding_1,0.5,,
TR_La_Mina_RColorado,2,S,18,MVA,La_Mina_RColorado
,,f,50,Hz,
,,WV1,230,kV_RMSLL,
,,WV2,13.8,kV_RMSLL,
,,Tap_ratio,1.025,,
,,Winding_R,0.001,pu,
,,Winding_X,0.08,pu,
,,Winding_impedance_on_winding_1,0.5,,
TR_LomaAlta,2,S,42,MVA,C_LomaAlta
,,f,50,Hz,
,,WV1,230,kV_RMSLL,
,,WV2,13.8,kV_RMSLL,
,,Tap_ratio,1,,
,,Winding_R,0.001,pu,
,,Winding_X,0.1002,pu,
,,Winding_impedance_on_winding_1,0.5,,
TR_NIUBLE_N1,2,S,160,MVA,Niuble_U1
,,f,50,Hz,
,,WV1,230,kV_RMSLL,
,,WV2,13.8,kV_RMSLL,
,,Tap_ratio,1.0575,,
,,Winding_R,0.00349254,pu,
,,Winding_X,0.12498,pu,
,,Winding_impedance_on_winding_1,0.5,,
TR_ÑUBLE_N1,2,S,25,MVA,LFS_DIGUA_U1
,,f,50,Hz,
,,WV1,220,kV_RMSLL,
,,WV2,6.6,kV_RMSLL,
,,Tap_ratio,1,,
,,Winding_R,0.001,pu,
,,Winding_X,0.10328,pu,
,,Winding_impedance_on_winding_1,0.5,,
TR_Loma_Alta_LHierros,2,S,40,MVA,Loma_Alta_LHierros
,,f,50,Hz,
,,WV1,220,kV_RMSLL,
,,WV2,13.8,kV_RMSLL,
,,Tap_ratio,1,,
,,Winding_R,0.00363445,pu,
,,Winding_X,0.1001341,pu,
,,Winding_impedance_on_winding_1,0.5,,
TR_PEHU_N1,2,S,290,MVA,Pehuenche_U1
,,f,50,Hz,
,,WV1,230,kV_RMSLL,
,,WV2,13.8,kV_RMSLL,
,,Tap_ratio,1,,
,,Winding_R,0.00126494,pu,
,,Winding_X,0.1264937,pu,
,,Winding_impedance_on_winding_1,0.5,,
TR_PEHU_N2,2,S,290,MVA,Pehuenche_U2
,,f,50,Hz,
,,WV1,220,kV_RMSLL,
,,WV2,13.8,kV_RMSLL,
,,Tap_ratio,0.95,,
,,Winding_R,0.00126494,pu,
,,Winding_X,0.1264937,pu,
,,Winding_impedance_on_winding_1,0.5,,
TR_CANDE_N1,2,S,160,MVA,Candelar_U1
,,f,50,Hz,
,,WV1,230,kV_RMSLL,
,,WV2,15,kV_RMSLL,
,,Tap_ratio,1,,
,,Winding_R,0.00339375,pu,
,,Winding_X,0.1625646,pu,
,,Winding_impedance_on_winding_1,0.5,,
TR_CANDE_N2,2,S,160,MVA,Rapel_U2
,,f,50,Hz,
,,WV1,230,kV_RMSLL,
,,WV2,15,kV_RMSLL,
,,Tap_ratio,1,,
,,Winding_R,0.0034765,pu,
,,Winding_X,0.1622628,pu,
,,Winding_impedance_on_winding_1,0.5,,
TR_LHUIGUER_N1,2,S,91,MVA,LaHiguera_U1
,,f,50,Hz,
,,WV1,220,kV_RMSLL,
,,WV2,13.8,kV_RMSLL,
,,Tap_ratio,1,,
,,Winding_R,0.001,pu,
,,Winding_X,0.1033,pu,
,,Winding_impedance_on_winding_1,0.5,,
TR_LHiGUER_N2,2,S,91,MVA,LaHiguera_U2
,,f,50,Hz,
,,WV1,220,kV_RMSLL,
,,WV2,13.8,kV_RMSLL,
,,Tap_ratio,1,,
,,Winding_R,0.001,pu,
,,Winding_X,0.1034,pu,
,,Winding_impedance_on_winding_1,0.5,,
TR_EPASO_N1,2,S,25,MVA,ElPaso_U1
,,f,50,Hz,
,,WV1,230,kV_RMSLL,
,,WV2,10.5,kV_RMSLL,
,,Tap_ratio,0.975,,
,,Winding_R,0.001,pu,
,,Winding_X,0.1143,pu,
,,Winding_impedance_on_winding_1,0.5,,
TR_EPASO_N2,2,S,25,MVA,ElPaso_U2
,,f,50,Hz,
,,WV1,220,kV_RMSLL,
,,WV2,10.5,kV_RMSLL,
,,Tap_ratio,1,,
,,Winding_R,0.00784,pu,
,,Winding_X,0.1247539,pu,
,,Winding_impedance_on_winding_1,0.5,,
TR_EPASO_N3,2,S,25,MVA,ElPaso_U3
,,f,50,Hz,
,,WV1,220,kV_RMSLL,
,,WV2,10.5,kV_RMSLL,
,,Tap_ratio,1,,
,,Winding_R,0.00784,pu,
,,Winding_X,0.1247539,pu,
,,Winding_impedance_on_winding_1,0.5,,
TR_SANDRES_N1,2,S,25,MVA,SanAndres_U1
,,f,50,Hz,
,,WV1,220,kV_RMSLL,
,,WV2,10.5,kV_RMSLL,
,,Tap_ratio,1,,
,,Winding_R,0.00784,pu,
,,Winding_X,0.1247539,pu,
,,Winding_impedance_on_winding_1,0.5,,
TR_SANDRES_N2,2,S,25,MVA,SanAndres_U2
,,f,50,Hz,
,,WV1,230,kV_RMSLL,
,,WV2,10.5,kV_RMSLL,
,,Tap_ratio,1,,
,,Winding_R,0.001,pu,
,,Winding_X,0.1172,pu,
,,Winding_impedance_on_winding_1,0.5,,
TR_LCONFLUE_N1,2,S,96,MVA,LaConfluencia_U1
,,f,50,Hz,
,,WV1,220,kV_RMSLL,
,,WV2,15,kV_RMSLL,
,,Tap_ratio,0.975,,
,,Winding_R,0.002,pu,
,,Winding_X,0.1214,pu,
,,Winding_impedance_on_winding_1,0.5,,
TR_LCONFLUE_N2,2,S,96,MVA,LaConfluencia_U2
,,f,50,Hz,
,,WV1,220,kV_RMSLL,
,,WV2,15,kV_RMSLL,
,,Tap_ratio,1,,
,,Winding_R,0.001,pu,
,,Winding_X,0.1217,pu,
,,Winding_impedance_on_winding_1,0.5,,
TR_SFeE_U1_N1,3,f,50,Hz,SantaFeEnergia_U1
,,VW1,220,kV_RMSLL,
,,VW2,13.2,kV_RMSLL,
,,VW3,11,kV_RMSLL,
,,SW1,115,MVA,
,,SW2,115,MVA,
,,SW3,38,MVA,
,,R12,0.00268972,pu,
,,R13,0.00035492,pu,
,,R23,0.00007189,pu,
,,X12,0.1680785,pu,
,,X13,0.09165931,pu,
,,X23,0.02778991,pu,
,,Tap_ratio,1,,
TR_SFe_N1,3,f,50,Hz,SantaFe_U2
,,VW1,220,kV_RMSLL,
,,VW2,13.2,kV_RMSLL,
,,VW3,6.6,kV_RMSLL,
,,SW1,97,MVA,
,,SW2,97,MVA,
,,SW3,17,MVA,
,,R12,0.00318884,pu,
,,R13,0.00079336,pu,
,,R23,0.00016069,pu,
,,X12,0.2710512,pu,
,,X13,0.06743533,pu,
,,X23,0.01365906,pu,
,,Tap_ratio,1,,
TR_SFe_N1,3,f,50,Hz,SantaFe_U3
,,VW1,220,kV_RMSLL,
,,VW2,13.2,kV_RMSLL,
,,VW3,6.6,kV_RMSLL,
,,SW1,97,MVA,
,,SW2,97,MVA,
,,SW3,17,MVA,
,,R12,0.00318884,pu,
,,R13,0.00079336,pu,
,,R23,0.00016069,pu,
,,X12,0.2710512,pu,
,,X13,0.06743533,pu,
,,X23,0.01365906,pu,
,,Tap_ratio,1,,
TR_PACIFIC_N1,2,S,55,MVA,Pacifico_U1
,,f,50,Hz,
,,WV1,220,kV_RMSLL,
,,WV2,13.2,kV_RMSLL,
,,Tap_ratio,1,,
,,Winding_R,0.0019999,pu,
,,Winding_X,0.19999,pu,
,,Winding_impedance_on_winding_1,.5,,
TR_PACIFIC_N2,2,S,73,MVA,Pacifico_U1
,,f,50,Hz,
,,WV1,220,kV_RMSLL,
,,WV2,13.2,kV_RMSLL,
,,Tap_ratio,1,,
,,Winding_R,0.0019909,pu,
,,Winding_X,0.19909,pu,
,,Winding_impedance_on_winding_1,.5,,
TR_PACIFIC_N1,2,S,55,MVA,Pacifico_U2
,,f,50,Hz,
,,WV1,220,kV_RMSLL,
,,WV2,13.2,kV_RMSLL,
,,Tap_ratio,1,,
,,Winding_R,0.0019999,pu,
,,Winding_X,0.19999,pu,
,,Winding_impedance_on_winding_1,.5,,
TR_PACIFIC_N2,2,S,73,MVA,Pacifico_U2
,,f,50,Hz,
,,WV1,220,kV_RMSLL,
,,WV2,13.2,kV_RMSLL,
,,Tap_ratio,1,,
,,Winding_R,0.0019909,pu,
,,Winding_X,0.19909,pu,
,,Winding_impedance_on_winding_1,.5,,
TR_PACIFIC_N1,2,S,55,MVA,Pacifico_U3
,,f,50,Hz,
,,WV1,220,kV_RMSLL,
,,WV2,13.2,kV_RMSLL,
,,Tap_ratio,1,,
,,Winding_R,0.0019999,pu,
,,Winding_X,0.19999,pu,
,,Winding_impedance_on_winding_1,.5,,
TR_PACIFIC_N2,2,S,73,MVA,Pacifico_U3
,,f,50,Hz,
,,WV1,220,kV_RMSLL,
,,WV2,13.2,kV_RMSLL,
,,Tap_ratio,1,,
,,Winding_R,0.0019909,pu,
,,Winding_X,0.19909,pu,
,,Winding_impedance_on_winding_1,.5,,
TR_ANG_N2,2,S,167.5,MVA,Angostura_U2
,,f,50,Hz,
,,WV1,221.375,kV_RMSLL,
,,WV2,13.8,kV_RMSLL,
,,Tap_ratio,1,,
,,Winding_R,0.00349254,pu,
,,Winding_X,0.1299531,pu,
,,Winding_impedance_on_winding_1,0.5,,
TR_ANG_N3,2,S,60,MVA,Angostura_U3
,,f,50,Hz,
,,WV1,230,kV_RMSLL,
,,WV2,13.8,kV_RMSLL,
,,Tap_ratio,1,,
,,Winding_R,0.00431667,pu,
,,Winding_X,0.1099153,pu,
,,Winding_impedance_on_winding_1,0.5,,
TR_ANG_N1,2,S,167.5,MVA,Angostura_U1
,,f,50,Hz,
,,WV1,230,kV_RMSLL,
,,WV2,13.8,kV_RMSLL,
,,Tap_ratio,1,,
,,Winding_R,0.00349254,pu,
,,Winding_X,0.1299531,pu,
,,Winding_impedance_on_winding_1,0.5,,
TR_PETPOWER_N1,2,S,85,MVA,Petropower_U1
,,f,50,Hz,
,,WV1,220,kV_RMSLL,
,,WV2,11,kV_RMSLL,
,,Tap_ratio,1,,
,,Winding_R,0.00056667,pu,
,,Winding_X,0.1199987,pu,
,,Winding_impedance_on_winding_1,0.5,,
TR_PETROPOWER_N2,2,S,65,MVA,Petropower_U1
,,f,50,Hz,
,,WV1,154,kV_RMSLL,
,,WV2,66,kV_RMSLL,
,,Tap_ratio,1,,
,,Winding_R,0.00056667,pu,
,,Winding_X,0.1199987,pu,
,,Winding_impedance_on_winding_1,0.5,,
TR_MAPA_TG7,2,S,220,MVA,MAPA_TG7
,,f,50,Hz,
,,WV1,230,kV_RMSLL,
,,WV2,15,kV_RMSLL,
,,Tap_ratio,1,,
,,Winding_R,0.00296818,pu,
,,Winding_X,0.146868,pu,
,,Winding_impedance_on_winding_1,0.5,,
TR_MAPA_TG8,2,S,165,MVA,MAPA_TG8
,,f,50,Hz,
,,WV1,230,kV_RMSLL,
,,WV2,15,kV_RMSLL,
,,Tap_ratio,1,,
,,Winding_R,0.00309023,pu,
,,Winding_X,0.1249618,pu,
,,Winding_impedance_on_winding_1,0.5,,
TR_PEUCH_N1,2,S,45,MVA,Peuchen_U1
,,f,50,Hz,
,,WV1,220,kV_RMSLL,
,,WV2,13.8,kV_RMSLL,
,,Tap_ratio,0.95,,
,,Winding_R,0.00485556,pu,
,,Winding_X,0.1249057,pu,
,,Winding_impedance_on_winding_1,0.5,,
TR_PEUCH_N2,2,S,45,MVA,Peuchen_U2
,,f,50,Hz,
,,WV1,220,kV_RMSLL,
,,WV2,13.8,kV_RMSLL,
,,Tap_ratio,1,,
,,Winding_R,0.00485556,pu,
,,Winding_X,0.1249057,pu,
,,Winding_impedance_on_winding_1,0.5,,
TR_MAMP_N2,2,S,30,MVA,Mampil_U2
,,f,50,Hz,
,,WV1,220,kV_RMSLL,
,,WV2,13.8,kV_RMSLL,
,,Tap_ratio,1,,
,,Winding_R,0.00528667,pu,
,,Winding_X,0.1248882,pu,
,,Winding_impedance_on_winding_1,0.5,,
TR_RUCUE_N1,2,S,123,MVA,Rucue_U1
,,f,50,Hz,
,,WV1,220,kV_RMSLL,
,,WV2,13.8,kV_RMSLL,
,,Tap_ratio,0.975,,
,,Winding_R,0.0011535,pu,
,,Winding_X,0.1529956,pu,
,,Winding_impedance_on_winding_1,0.5,,
TR_RUCUE_N2,2,S,123,MVA,Rucue_U2
,,f,50,Hz,
,,WV1,220,kV_RMSLL,
,,WV2,13.8,kV_RMSLL,
,,Tap_ratio,1,,
,,Winding_R,0.00118732,pu,
,,Winding_X,0.1529954,pu,
,,Winding_impedance_on_winding_1,0.5,,
TR_QUILLEC_N1,2,S,41,MVA,Quilleco_U1
,,f,50,Hz,
,,WV1,220,kV_RMSLL,
,,WV2,13.2,kV_RMSLL,
,,Tap_ratio,1,,
,,Winding_R,0.00349829,pu,
,,Winding_X,0.1094541,pu,
,,Winding_impedance_on_winding_1,0.5,,
TR_QUILLEC_N2,2,S,41,MVA,Quilleco_U2
,,f,50,Hz,
,,WV1,220,kV_RMSLL,
,,WV2,13.2,kV_RMSLL,
,,Tap_ratio,1,,
,,Winding_R,0.00350585,pu,
,,Winding_X,0.1095639,pu,
,,Winding_impedance_on_winding_1,0.5,,
TR_COLB_N1,2,S,240,MVA,Colbun_U1
,,f,50,Hz,
,,WV1,230,kV_RMSLL,
,,WV2,13.8,kV_RMSLL,
,,Tap_ratio,1.025,,
,,Winding_R,0.00375667,pu,
,,Winding_X,0.1409499,pu,
,,Winding_impedance_on_winding_1,0.5,,
TR_COLB_N2,2,S,240,MVA,Colbun_U2
,,f,50,Hz,
,,WV1,230,kV_RMSLL,
,,WV2,13.8,kV_RMSLL,
,,Tap_ratio,1.025,,
,,Winding_R,0.00375167,pu,
,,Winding_X,0.1419504,pu,
,,Winding_impedance_on_winding_1,0.5,,
TR_MACHI_N1,2,S,53,MVA,Machicura_U1
,,f,50,Hz,
,,WV1,230,kV_RMSLL,
,,WV2,13.8,kV_RMSLL,
,,Tap_ratio,1.025,,
,,Winding_R,0.00244151,pu,
,,Winding_X,0.1289769,pu,
,,Winding_impedance_on_winding_1,0.5,,
TR_MACHI_N2,2,S,53,MVA,Machicura_U2
,,f,50,Hz,
,,WV1,230,kV_RMSLL,
,,WV2,13.8,kV_RMSLL,
,,Tap_ratio,1.025,,
,,Winding_R,0.00243396,pu,
,,Winding_X,0.1299772,pu,
,,Winding_impedance_on_winding_1,0.5,,
TR_LPINOS_N1,2,S,150,MVA,LosPinos_U1
,,f,50,Hz,
,,WV1,230,kV_RMSLL,
,,WV2,11.5,kV_RMSLL,
,,Tap_ratio,1,,
,,Winding_R,0.00056667,pu,
,,Winding_X,0.1217987,pu,
,,Winding_impedance_on_winding_1,0.5,,
CUMBRE_ATR_N1,3,f,50,Hz,None
,,VW1,525,kV_RMSLL,
,,VW2,230,kV_RMSLL,
,,VW3,34.5,kV_RMSLL,
,,SW1,750,MVA,
,,SW2,750,MVA,
,,SW3,247.5,MVA,
,,R12,0.00160624,pu,
,,R13,0.00269354,pu,
,,R23,0.00267476,pu,
,,X12,0.1413689,pu,
,,X13,0.2561248,pu,
,,X23,0.1876999,pu,
,,Tap_ratio,0.98,,
NCARD_ATR_N1,3,f,50,Hz,None
,,VW1,525,kV_RMSLL,
,,VW2,230,kV_RMSLL,
,,VW3,34.5,kV_RMSLL,
,,SW1,750,MVA,
,,SW2,750,MVA,
,,SW3,247.5,MVA,
,,R12,0.0014,pu,
,,R13,0.0025,pu,
,,R23,0.0018,pu,
,,X12,0.141378,pu,
,,X13,0.256139,pu,
,,X23,0.187719,pu,
,,Tap_ratio,0.98,,
AJAH_TR_N5,3,f,50,Hz,None
,,VW1,525,kV_RMSLL,
,,VW2,230,kV_RMSLL,
,,VW3,66,kV_RMSLL,
,,SW1,750,MVA,
,,SW2,750,MVA,
,,SW3,150,MVA,
,,R12,0.00190417,pu,
,,R13,0.001395,pu,
,,R23,0.00135167,pu,
,,X12,0.1467876,pu,
,,X13,0.1141115,pu,
,,X23,0.07302749,pu,
,,Tap_ratio,1.025,,
AJAH_TR_N4,3,f,50,Hz,None
,,VW1,525,kV_RMSLL,
,,VW2,230,kV_RMSLL,
,,VW3,66,kV_RMSLL,
,,SW1,750,MVA,
,,SW2,750,MVA,
,,SW3,150,MVA,
,,R12,0.0014796,pu,
,,R13,0.00114118,pu,
,,R23,0.00107451,pu,
,,X12,0.1511728,pu,
,,X13,0.1161244,pu,
,,X23,0.0759124,pu,
,,Tap_ratio,1.025,,
AJAH_TR_N3,3,f,50,Hz,None
,,VW1,525,kV_RMSLL,
,,VW2,230,kV_RMSLL,
,,VW3,66,kV_RMSLL,
,,SW1,750,MVA,
,,SW2,750,MVA,
,,SW3,150,MVA,
,,R12,0.00190417,pu,
,,R13,0.00137753,pu,
,,R23,0.00134193,pu,
,,X12,0.1467876,pu,
,,X13,0.1141115,pu,
,,X23,0.07302749,pu,
,,Tap_ratio,1.025,,
LAGUI_T1,3,f,50,Hz,None
,,VW1,525,kV_RMSLL,
,,VW2,230,kV_RMSLL,
,,VW3,66,kV_RMSLL,
,,SW1,750,MVA,
,,SW2,750,MVA,
,,SW3,150,MVA,
,,R12,0.00101776,pu,
,,R13,0.0010152,pu,
,,R23,0.001126,pu,
,,X12,0.1474965,pu,
,,X13,0.07859345,pu,
,,X23,0.04288522,pu,
,,Tap_ratio,1.025,,
POLP_ATR_N1,2,S,750,MVA,None
,,f,50,Hz,
,,WV1,525,kV_RMSLL,
,,WV2,230,kV_RMSLL,
,,Tap_ratio,1.025,,
,,Winding_R,0.00188752,pu,
,,Winding_X,0.148223,pu,
,,Winding_impedance_on_winding_1,.9,,
POLP_ATR_N2,2,S,750,MVA,None
,,f,50,Hz,
,,WV1,525,kV_RMSLL,
,,WV2,230,kV_RMSLL,
,,Tap_ratio,1.025,,
,,Winding_R,0.00188752,pu,
,,Winding_X,0.148223,pu,
,,Winding_impedance_on_winding_1,.9,,
NMAIT_ATR_N1,3,f,50,Hz,None
,,VW1,525,kV_RMSLL,
,,VW2,230,kV_RMSLL,
,,VW3,34.5,kV_RMSLL,
,,SW1,750,MVA,
,,SW2,750,MVA,
,,SW3,247.5,MVA,
,,R12,0.0014,pu,
,,R13,0.0025,pu,
,,R23,0.0018,pu,
,,X12,0.141378,pu,
,,X13,0.256139,pu,
,,X23,0.187719,pu,
,,Tap_ratio,1.0125,,
VENTA_ATR_N1,3,f,50,Hz,None
,,VW1,220,kV_RMSLL,
,,VW2,110,kV_RMSLL,
,,VW3,12,kV_RMSLL,
,,SW1,300,MVA,
,,SW2,300,MVA,
,,SW3,60,MVA,
,,R12,0.0015,pu,
,,R13,0.0007,pu,
,,R23,0.0003,pu,
,,X12,0.1503,pu,
,,X13,0.073,pu,
,,X23,0.0383,pu,
,,Tap_ratio,1,,
CNAV_TRDESF_N6,2,S,350,MVA,None
,,f,50,Hz,
,,WV1,230,kV_RMSLL,
,,WV2,230,kV_RMSLL,
,,Tap_ratio,1,,
,,Winding_R,0.001,pu,
,,Winding_X,0.125,pu,
,,Winding_impedance_on_winding_1,.9,,
CNAV_TRDESF_N7,2,S,350,MVA,None
,,f,50,Hz,
,,WV1,230,kV_RMSLL,
,,WV2,230,kV_RMSLL,
,,Tap_ratio,1,,
,,Winding_R,0.001,pu,
,,Winding_X,0.125,pu,
,,Winding_impedance_on_winding_1,.9,,
LMAQUIS_ATR,3,f,50,Hz,None
,,VW1,220,kV_RMSLL,
,,VW2,110,kV_RMSLL,
,,VW3,12,kV_RMSLL,
,,SW1,120,MVA,
,,SW2,120,MVA,
,,SW3,40,MVA,
,,R12,0.00225575,pu,
,,R13,0.00858696,pu,
,,R23,0.00303682,pu,
,,X12,0.1149779,pu,
,,X13,0.1298,pu,
,,X23,0.07670658,pu,
,,Tap_ratio,1.02,,
QUELANTARO_ATR,3,f,50,Hz,None
,,VW1,220,kV_RMSLL,
,,VW2,110,kV_RMSLL,
,,VW3,13.8,kV_RMSLL,
,,SW1,150,MVA,
,,SW2,150,MVA,
,,SW3,39,MVA,
,,R12,0.0013528,pu,
,,R13,0.007431962,pu,
,,R23,0.0003,pu,
,,X12,0.1114918,pu,
,,X13,0.06387078,pu,
,,X23,0.00358,pu,
,,Tap_ratio,0.9875,,
CUMBRE_ATR_N2,3,f,50,Hz,None
,,VW1,525,kV_RMSLL,
,,VW2,230,kV_RMSLL,
,,VW3,66,kV_RMSLL,
,,SW1,750,MVA,
,,SW2,750,MVA,
,,SW3,153,MVA,
,,R12,0.0013,pu,
,,R13,0.0008,pu,
,,R23,0.0005,pu,
,,X12,0.1374,pu,
,,X13,0.084476,pu,
,,X23,0.04614,pu,
,,Tap_ratio,0.98,,
TR_DALMAGRO_N3,3,f,50,Hz,None
,,VW1,220,kV_RMSLL,
,,VW2,115,kV_RMSLL,
,,VW3,13.8,kV_RMSLL,
,,SW1,120,MVA,
,,SW2,120,MVA,
,,SW3,30,MVA,
,,R12,0.0014,pu,
,,R13,0.0012,pu,
,,R23,0.0006,pu,
,,X12,0.14,pu,
,,X13,0.115,pu,
,,X23,0.0694,pu,
,,Tap_ratio,0.9445,,
TR_DALMAGRO_N4,3,f,50,Hz,None
,,VW1,220,kV_RMSLL,
,,VW2,115,kV_RMSLL,
,,VW3,25,kV_RMSLL,
,,SW1,120,MVA,
,,SW2,120,MVA,
,,SW3,24,MVA,
,,R12,0.00147538,pu,
,,R13,0.008,pu,
,,R23,0.00212817,pu,
,,X12,0.1397922,pu,
,,X13,0.0838,pu,
,,X23,0.04895377,pu,
,,Tap_ratio,0.9445,,
LAGUI_T2,3,f,50,Hz,None
,,VW1,525,kV_RMSLL,
,,VW2,230,kV_RMSLL,
,,VW3,66,kV_RMSLL,
,,SW1,750,MVA,
,,SW2,750,MVA,
,,SW3,150,MVA,
,,R12,0.00101776,pu,
,,R13,0.0010152,pu,
,,R23,0.001126,pu,
,,X12,0.1474965,pu,
,,X13,0.07859345,pu,
,,X23,0.04288522,pu,
,,Tap_ratio,1.025,,
YgYg_np1,2,S,350,MVA,None
,,f,50,Hz,
,,WV1,230,kV_RMSLL,
,,WV2,230,kV_RMSLL,
,,Tap_ratio,1,,
,,Winding_R,0.00251029,pu,
,,Winding_X,0.1118718,pu,
,,Winding_impedance_on_winding_1,.9,,
ATR_TOCOPI_N1,3,f,50,Hz,None
,,VW1,220,kV_RMSLL,
,,VW2,110,kV_RMSLL,
,,VW3,13.8,kV_RMSLL,
,,SW1,100,MVA,
,,SW2,100,MVA,
,,SW3,30,MVA,
,,R12,0.0024,pu,
,,R13,0.003333333,pu,
,,R23,4.8e-04,pu,
,,X12,0.1430799,pu,
,,X13,0.11637,pu,
,,X23,0.0601,pu,
,,Tap_ratio,0.9833,,
TR_CAPRIC_N1,3,f,50,Hz,None
,,VW1,220,kV_RMSLL,
,,VW2,115,kV_RMSLL,
,,VW3,13.8,kV_RMSLL,
,,SW1,88,MVA,
,,SW2,88,MVA,
,,SW3,20,MVA,
,,R12,0.00127424,pu,
,,R13,0.012218135,pu,
,,R23,0.0010289,pu,
,,X12,0.12904,pu,
,,X13,0.0843,pu,
,,X23,0.0461,pu,
,,Tap_ratio,0.9875,,
TR_CALAMA_N2,3,f,50,Hz,None
,,VW1,220,kV_RMSLL,
,,VW2,110,kV_RMSLL,
,,VW3,23,kV_RMSLL,
,,SW1,150,MVA,
,,SW2,150,MVA,
,,SW3,30,MVA,
,,R12,0.0013,pu,
,,R13,0.00066,pu,
,,R23,0.00037,pu,
,,X12,0.130625,pu,
,,X13,0.0663,pu,
,,X23,0.037,pu,
,,Tap_ratio,0.9875,,
YgYgD_np1,3,f,50,Hz,None
,,VW1,220,kV_RMSLL,
,,VW2,105,kV_RMSLL,
,,VW3,13.8,kV_RMSLL,
,,SW1,120,MVA,
,,SW2,120,MVA,
,,SW3,20,MVA,
,,R12,0.00126,pu,
,,R13,0.0006,pu,
,,R23,0.0003,pu,
,,X12,0.1261,pu,
,,X13,0.0614,pu,
,,X23,0.0329,pu,
,,Tap_ratio,1,,
TR_CHUQ220110_1,3,f,50,Hz,None
,,VW1,220,kV_RMSLL,
,,VW2,100,kV_RMSLL,
,,VW3,13.8,kV_RMSLL,
,,SW1,120,MVA,
,,SW2,120,MVA,
,,SW3,30,MVA,
,,R12,0.00149,pu,
,,R13,0.001,pu,
,,R23,0.0004,pu,
,,X12,0.149,pu,
,,X13,0.09055,pu,
,,X23,0.0435,pu,
,,Tap_ratio,0.95,,
TR_CHUQ220110_2,3,f,50,Hz,None
,,VW1,220,kV_RMSLL,
,,VW2,100,kV_RMSLL,
,,VW3,13.8,kV_RMSLL,
,,SW1,120,MVA,
,,SW2,120,MVA,
,,SW3,30,MVA,
,,R12,0.00149,pu,
,,R13,0.001,pu,
,,R23,0.0004,pu,
,,X12,0.149,pu,
,,X13,0.09055,pu,
,,X23,0.0435,pu,
,,Tap_ratio,0.95,,
YgYgD_np2,3,f,50,Hz,None
,,VW1,525,kV_RMSLL,
,,VW2,230,kV_RMSLL,
,,VW3,66,kV_RMSLL,
,,SW1,750,MVA,
,,SW2,750,MVA,
,,SW3,153,MVA,
,,R12,0.0014,pu,
,,R13,0.0012,pu,
,,R23,0.0008,pu,
,,X12,0.1406,pu,
,,X13,0.1204,pu,
,,X23,0.0797,pu,
,,Tap_ratio,1,,
YgYgD_np3,3,f,50,Hz,None
,,VW1,525,kV_RMSLL,
,,VW2,230,kV_RMSLL,
,,VW3,66,kV_RMSLL,
,,SW1,750,MVA,
,,SW2,750,MVA,
,,SW3,153,MVA,
,,R12,0.0014,pu,
,,R13,0.0012,pu,
,,R23,0.0008,pu,
,,X12,0.1406,pu,
,,X13,0.1204,pu,
,,X23,0.0797,pu,
,,Tap_ratio,1,,
YgYgD_np4,3,f,50,Hz,None
,,VW1,220,kV_RMSLL,
,,VW2,115,kV_RMSLL,
,,VW3,13.8,kV_RMSLL,
,,SW1,150,MVA,
,,SW2,150,MVA,
,,SW3,30,MVA,
,,R12,0.00107,pu,
,,R13,0.0006,pu,
,,R23,0.00035,pu,
,,X12,0.1069,pu,
,,X13,0.062,pu,
,,X23,0.0352,pu,
,,Tap_ratio,1,,
LCHANG_ATR_N1,3,f,50,Hz,None
,,VW1,525,kV_RMSLL,
,,VW2,230,kV_RMSLL,
,,VW3,66,kV_RMSLL,
,,SW1,510,MVA,
,,SW2,510,MVA,
,,SW3,105,MVA,
,,R12,0.0009,pu,
,,R13,0.0005,pu,
,,R23,0.0003,pu,
,,X12,0.095271,pu,
,,X13,0.053886,pu,
,,X23,0.030643,pu,
,,Tap_ratio,1,,
LCHANG_ATR_N2,3,f,50,Hz,None
,,VW1,525,kV_RMSLL,
,,VW2,230,kV_RMSLL,
,,VW3,66,kV_RMSLL,
,,SW1,510,MVA,
,,SW2,510,MVA,
,,SW3,105,MVA,
,,R12,0.0009,pu,
,,R13,0.0005,pu,
,,R23,0.0003,pu,
,,X12,0.095271,pu,
,,X13,0.053886,pu,
,,X23,0.030643,pu,
,,Tap_ratio,1,,
LCHANG_ATR_N3,3,f,50,Hz,None
,,VW1,525,kV_RMSLL,
,,VW2,230,kV_RMSLL,
,,VW3,66,kV_RMSLL,
,,SW1,510,MVA,
,,SW2,510,MVA,
,,SW3,105,MVA,
,,R12,0.0009,pu,
,,R13,0.0005,pu,
,,R23,0.0003,pu,
,,X12,0.095271,pu,
,,X13,0.053886,pu,
,,X23,0.030643,pu,
,,Tap_ratio,1,,
BOOS_TOCOPI_N1,2,S,100,MVA,None
,,f,50,Hz,
,,WV1,110,kV_RMSLL,
,,WV2,110,kV_RMSLL,
,,Tap_ratio,0.98,,
,,Winding_R,0.0001,pu,
,,Winding_X,0.0112,pu,
,,Winding_impedance_on_winding_1,.5,,
JADRESIC_ATR_N1,3,f,50,Hz,None
,,VW1,525,kV_RMSLL,
,,VW2,230,kV_RMSLL,
,,VW3,34.5,kV_RMSLL,
,,SW1,750,MVA,
,,SW2,750,MVA,
,,SW3,247.5,MVA,
,,R12,0.00160624,pu,
,,R13,0.00269354,pu,
,,R23,0.00267476,pu,
,,X12,0.1413689,pu,
,,X13,0.2561248,pu,
,,X23,0.1876999,pu,
,,Tap_ratio,0.98,,
ANC_ATR_N1,2,S,750,MVA,None
,,f,50,Hz,
,,WV1,525,kV_RMSLL,
,,WV2,230,kV_RMSLL,
,,Tap_ratio,1.0125,,
,,Winding_R,0.00188752,pu,
,,Winding_X,0.148223,pu,
,,Winding_impedance_on_winding_1,.9,,
ANC_ATR_N2,2,S,750,MVA,None
,,f,50,Hz,
,,WV1,525,kV_RMSLL,
,,WV2,230,kV_RMSLL,
,,Tap_ratio,1.0125,,
,,Winding_R,0.00188752,pu,
,,Winding_X,0.148223,pu,
,,Winding_impedance_on_winding_1,.9,,
JADRESIC_ATR_N2,3,f,50,Hz,None
,,VW1,525,kV_RMSLL,
,,VW2,230,kV_RMSLL,
,,VW3,34.5,kV_RMSLL,
,,SW1,750,MVA,
,,SW2,750,MVA,
,,SW3,247.5,MVA,
,,R12,0.00160624,pu,
,,R13,0.00269354,pu,
,,R23,0.00267476,pu,
,,X12,0.1413689,pu,
,,X13,0.2561248,pu,
,,X23,0.1876999,pu,
,,Tap_ratio,1.0125,,
JADRESIC_ATR_N3,3,f,50,Hz,None
,,VW1,525,kV_RMSLL,
,,VW2,230,kV_RMSLL,
,,VW3,34.5,kV_RMSLL,
,,SW1,750,MVA,
,,SW2,750,MVA,
,,SW3,247.5,MVA,
,,R12,0.00160624,pu,
,,R13,0.00269354,pu,
,,R23,0.00267476,pu,
,,X12,0.1413689,pu,
,,X13,0.2561248,pu,
,,X23,0.1876999,pu,
,,Tap_ratio,1.0125,,
YgYg_np2,2,S,510,MVA,None
,,f,50,Hz,
,,WV1,525,kV_RMSLL,
,,WV2,230,kV_RMSLL,
,,Tap_ratio,1,,
,,Winding_R,0.0011,pu,
,,Winding_X,0.095,pu,
,,Winding_impedance_on_winding_1,.9,,
NCARD_ATR_N2,3,f,50,Hz,None
,,VW1,525,kV_RMSLL,
,,VW2,230,kV_RMSLL,
,,VW3,34.5,kV_RMSLL,
,,SW1,750,MVA,
,,SW2,750,MVA,
,,SW3,247.5,MVA,
,,R12,0.0014,pu,
,,R13,0.0025,pu,
,,R23,0.0018,pu,
,,X12,0.141378,pu,
,,X13,0.256139,pu,
,,X23,0.187719,pu,
,,Tap_ratio,0.98,,
NMAIT_ATR_N2,3,f,50,Hz,None
,,VW1,525,kV_RMSLL,
,,VW2,230,kV_RMSLL,
,,VW3,34.5,kV_RMSLL,
,,SW1,750,MVA,
,,SW2,750,MVA,
,,SW3,247.5,MVA,
,,R12,0.0014,pu,
,,R13,0.0025,pu,
,,R23,0.0018,pu,
,,X12,0.141378,pu,
,,X13,0.256139,pu,
,,X23,0.187719,pu,
,,Tap_ratio,1.0125,,
NPAZ_ATR_N1,3,f,50,Hz,None
,,VW1,525,kV_RMSLL,
,,VW2,230,kV_RMSLL,
,,VW3,34.5,kV_RMSLL,
,,SW1,750,MVA,
,,SW2,750,MVA,
,,SW3,247.5,MVA,
,,R12,0.00160624,pu,
,,R13,0.00269354,pu,
,,R23,0.00267476,pu,
,,X12,0.1413689,pu,
,,X13,0.2561248,pu,
,,X23,0.1876999,pu,
,,Tap_ratio,1.0125,,
NPAZ_ATR_N2,3,f,50,Hz,None
,,VW1,525,kV_RMSLL,
,,VW2,230,kV_RMSLL,
,,VW3,34.5,kV_RMSLL,
,,SW1,750,MVA,
,,SW2,750,MVA,
,,SW3,247.5,MVA,
,,R12,0.0014,pu,
,,R13,0.0026,pu,
,,R23,0.0018,pu,
,,X12,0.139955,pu,
,,X13,0.256412,pu,
,,X23,0.18691,pu,
,,Tap_ratio,1.0125,,
ERIOS_ATR_N1,3,f,50,Hz,None
,,VW1,525,kV_RMSLL,
,,VW2,230,kV_RMSLL,
,,VW3,66,kV_RMSLL,
,,SW1,750,MVA,
,,SW2,750,MVA,
,,SW3,153,MVA,
,,R12,0.00145803,pu,
,,R13,0.00124,pu,
,,R23,0.00131242,pu,
,,X12,0.1434926,pu,
,,X13,0.1124932,pu,
,,X23,0.07398836,pu,
,,Tap_ratio,1.0125,,
DUQUECO_ATR,3,f,50,Hz,None
,,VW1,230,kV_RMSLL,
,,VW2,69,kV_RMSLL,
,,VW3,14.8,kV_RMSLL,
,,SW1,75,MVA,
,,SW2,75,MVA,
,,SW3,25,MVA,
,,R12,0.0027,pu,
,,R13,0.0006,pu,
,,R23,0.001432,pu,
,,X12,0.1262211,pu,
,,X13,0.0675,pu,
,,X23,0.0207423,pu,
,,Tap_ratio,0.9375,,
CHILOE_ATR,3,f,50,Hz,None
,,VW1,220,kV_RMSLL,
,,VW2,110,kV_RMSLL,
,,VW3,23,kV_RMSLL,
,,SW1,90,MVA,
,,SW2,90,MVA,
,,SW3,18,MVA,
,,R12,0.00045677,pu,
,,R13,0.00146768,pu,
,,R23,0.00073676,pu,
,,X12,0.102699,pu,
,,X13,0.04490602,pu,
,,X23,0.02348845,pu,
,,Tap_ratio,1,,
CHARR_TR_N5,3,f,50,Hz,None
,,VW1,525,kV_RMSLL,
,,VW2,230,kV_RMSLL,
,,VW3,66,kV_RMSLL,
,,SW1,750,MVA,
,,SW2,750,MVA,
,,SW3,150,MVA,
,,R12,0.00101776,pu,
,,R13,0.0010152,pu,
,,R23,0.001126,pu,
,,X12,0.1367962,pu,
,,X13,0.08359384,pu,
,,X23,0.04498591,pu,
,,Tap_ratio,1.0125,,
CHARR_TR_N8,3,f,50,Hz,None
,,VW1,525,kV_RMSLL,
,,VW2,230,kV_RMSLL,
,,VW3,66,kV_RMSLL,
,,SW1,750,MVA,
,,SW2,750,MVA,
,,SW3,129,MVA,
,,R12,0.0013,pu,
,,R13,0.0014,pu,
,,R23,0.0013,pu,
,,X12,0.1308824,pu,
,,X13,0.1419,pu,
,,X23,0.1377229,pu,
,,Tap_ratio,1.0125,,
CHARR_TR_N6,3,f,50,Hz,None
,,VW1,525,kV_RMSLL,
,,VW2,230,kV_RMSLL,
,,VW3,66,kV_RMSLL,
,,SW1,750,MVA,
,,SW2,750,MVA,
,,SW3,150,MVA,
,,R12,0.00101776,pu,
,,R13,0.0010152,pu,
,,R23,0.001126,pu,
,,X12,0.1367962,pu,
,,X13,0.08359384,pu,
,,X23,0.04498591,pu,
,,Tap_ratio,1.0125,,
TR_RTOLTEM220,3,f,50,Hz,None
,,VW1,220,kV_RMSLL,
,,VW2,110,kV_RMSLL,
,,VW3,13.8,kV_RMSLL,
,,SW1,60,MVA,
,,SW2,60,MVA,
,,SW3,8,MVA,
,,R12,0.00391667,pu,
,,R13,0.0003,pu,
,,R23,0.001125,pu,
,,X12,0.09992328,pu,
,,X13,0.05478275,pu,
,,X23,0.0368,pu,
,,Tap_ratio,1,,
DY_4,2,S,25,MVA,None
,,f,50,Hz,
,,WV1,13.8,kV_RMSLL,
,,WV2,220,kV_RMSLL,
,,Tap_ratio,1,,
,,Winding_R,0.002,pu,
,,Winding_X,0.06,pu,
,,Winding_impedance_on_winding_1,.5,,
TR_HP_LOS_CONDORES,2,S,170,MVA,None
,,f,50,Hz,
,,WV1,13.8,kV_RMSLL,
,,WV2,220,kV_RMSLL,
,,Tap_ratio,1,,
,,Winding_R,0.002,pu,
,,Winding_X,0.06,pu,
,,Winding_impedance_on_winding_1,.5,,
DY_7,2,S,500,MVA,None
,,f,50,Hz,
,,WV1,13.8,kV_RMSLL,
,,WV2,220,kV_RMSLL,
,,Tap_ratio,1,,
,,Winding_R,0.002,pu,
,,Winding_X,0.06,pu,
,,Winding_impedance_on_winding_1,.5,,
TR_HP_LOS_LAGOS,2,S,60,MVA,None
,,f,50,Hz,
,,WV1,13.8,kV_RMSLL,
,,WV2,220,kV_RMSLL,
,,Tap_ratio,1,,
,,Winding_R,0.002,pu,
,,Winding_X,0.06,pu,
,,Winding_impedance_on_winding_1,.5,,
DY_5,2,S,8,MVA,None
,,f,50,Hz,
,,WV1,13.8,kV_RMSLL,
,,WV2,220,kV_RMSLL,
,,Tap_ratio,1,,
,,Winding_R,0.002,pu,
,,Winding_X,0.06,pu,
,,Winding_impedance_on_winding_1,.5,,
COLB_TR_N3,3,f,50,Hz,None
,,VW1,230,kV_RMSLL,
,,VW2,66,kV_RMSLL,
,,VW3,13.8,kV_RMSLL,
,,SW1,25,MVA,
,,SW2,25,MVA,
,,SW3,10,MVA,
,,R12,0.007312,pu,
,,R13,0.005743,pu,
,,R23,0.005344,pu,
,,X12,0.1224819,pu,
,,X13,0.07417802,pu,
,,X23,0.01676907,pu,
,,Tap_ratio,1,,
DY_8,2,S,500,MVA,None
,,f,50,Hz,
,,WV1,13.8,kV_RMSLL,
,,WV2,220,kV_RMSLL,
,,Tap_ratio,1,,
,,Winding_R,0.002,pu,
,,Winding_X,0.06,pu,
,,Winding_impedance_on_winding_1,.5,,
DY_1,2,S,300,MVA,None
,,f,50,Hz,
,,WV1,13.8,kV_RMSLL,
,,WV2,220,kV_RMSLL,
,,Tap_ratio,1,,
,,Winding_R,0.002,pu,
,,Winding_X,0.06,pu,
,,Winding_impedance_on_winding_1,.5,,
DY_2,2,S,110,MVA,None
,,f,50,Hz,
,,WV1,13.8,kV_RMSLL,
,,WV2,220,kV_RMSLL,
,,Tap_ratio,1,,
,,Winding_R,0.002,pu,
,,Winding_X,0.06,pu,
,,Winding_impedance_on_winding_1,.5,,
